info,year,city,price,income
2012年北京房价30158元/㎡2.15%↑,2012,北京,30158,85306.0
2012年上海房价23428元/㎡1.4%↑,2012,上海,23428,80191.0
2012年深圳房价19298元/㎡0.8%↑,2012,深圳,19298,59010.0
2012年杭州房价18713元/㎡1.77%↑,2012,杭州,18713,56418.0
2012年三亚房价18187元/㎡6.48%↑,2012,三亚,18187,
2012年厦门房价17185元/㎡2.85%↑,2012,厦门,17185,52673.0
2012年广州房价16555元/㎡2.15%↑,2012,广州,16555,67515.0
2012年宁波房价15342元/㎡0.03%↑,2012,宁波,15342,56255.0
2012年南京房价14750元/㎡0.86%↑,2012,南京,14750,63152.0
2012年天津房价12793元/㎡1.1%↑,2012,天津,12793,65398.0
2012年福州房价11750元/㎡0.75%↑,2012,福州,11750,48088.0
2012年青岛房价11743元/㎡1.48%↓,2012,青岛,11743,49052.0
2012年大连房价10540元/㎡0.24%↓,2012,大连,10540,54821.0
2012年苏州房价10089元/㎡0.65%↑,2012,苏州,10089,
2012年珠海房价9455元/㎡0.35%↑,2012,珠海,9455,
2012年南通房价9408元/㎡1.02%↑,2012,南通,9408,
2012年昆明房价8567元/㎡0.4%↑,2012,昆明,8567,45094.0
2012年济南房价8485元/㎡0.13%↑,2012,济南,8485,48829.0
2012年成都房价8450元/㎡0.33%↑,2012,成都,8450,48302.0
2012年扬州房价8366元/㎡2.1%↑,2012,扬州,8366,
2012年泉州房价8266元/㎡5.26%↑,2012,泉州,8266,
2012年南昌房价8123元/㎡0.37%↑,2012,南昌,8123,43769.0
2012年兰州房价8065元/㎡0.16%↑,2012,兰州,8065,44488.0
2012年沈阳房价8030元/㎡0.42%↓,2012,沈阳,8030,49898.0
2012年武汉房价7998元/㎡0.49%↑,2012,武汉,7998,48942.0
2012年泰州房价7975元/㎡1.23%↑,2012,泰州,7975,
2012年秦皇岛房价7797元/㎡1.04%↑,2012,秦皇岛,7797,
2012年石家庄房价7723元/㎡0.65%↑,2012,石家庄,7723,38426.0
2012年烟台房价7671元/㎡0.79%↓,2012,烟台,7671,
2012年太原房价7625元/㎡0.75%↑,2012,太原,7625,48905.0
2012年海口房价7459元/㎡0.2%↑,2012,海口,7459,40486.0
2012年无锡房价7336元/㎡0.53%↑,2012,无锡,7336,
2012年绍兴房价7268元/㎡52.12%↓,2012,绍兴,7268,
2012年昆山房价7075元/㎡0.9%↑,2012,昆山,7075,
2012年哈尔滨房价7000元/㎡0.33%↓,2012,哈尔滨,7000,41773.0
2012年廊坊房价6983元/㎡0.75%↓,2012,廊坊,6983,
2012年郑州房价6937元/㎡0.83%↑,2012,郑州,6937,40472.0
2012年徐州房价6833元/㎡1.56%↑,2012,徐州,6833,
2012年南宁房价6822元/㎡2%↓,2012,南宁,6822,44144.0
2012年呼和浩特房价6817元/㎡0.42%↓,2012,呼和浩特,6817,65637.0
2012年唐山房价6787元/㎡7.13%↑,2012,唐山,6787,
2012年东莞房价6731元/㎡0.68%↓,2012,东莞,6731,
2012年西安房价6704元/㎡0.19%↑,2012,西安,6704,46688.0
2012年合肥房价6642元/㎡0.67%↑,2012,合肥,6642,50724.0
2012年镇江房价6578元/㎡--,2012,镇江,6578,
2012年长春房价6551元/㎡0.05%↓,2012,长春,6551,46673.0
2012年重庆房价6550元/㎡0.23%↑,2012,重庆,6550,45392.0
2012年长沙房价6539元/㎡0.51%↑,2012,长沙,6539,50905.0
2012年宜昌房价6407元/㎡1.02%↓,2012,宜昌,6407,
2012年保定房价6013元/㎡0.4%↑,2012,保定,6013,
2013年北京房价40342元/㎡0.28%↑,2013,北京,40342,93997.0
2013年上海房价29978元/㎡1.3%↑,2013,上海,29978,91477.0
2013年深圳房价24910元/㎡0.78%↑,2013,深圳,24910,77721.0
2013年厦门房价23124元/㎡0.91%↑,2013,厦门,23124,61754.0
2013年广州房价19208元/㎡1.94%↓,2013,广州,19208,73678.0
2013年杭州房价19131元/㎡1.67%↓,2013,杭州,19131,64958.0
2013年三亚房价19094元/㎡3.94%↑,2013,三亚,19094,
2013年南京房价17313元/㎡1.34%↑,2013,南京,17313,66222.0
2013年宁波房价15461元/㎡0.48%↓,2013,宁波,15461,63362.0
2013年天津房价14519元/㎡2.2%↑,2013,天津,14519,68864.0
2013年福州房价13841元/㎡0.57%↑,2013,福州,13841,53420.0
2013年青岛房价12822元/㎡0.84%↓,2013,青岛,12822,55334.0
2013年珠海房价11365元/㎡3.07%↑,2013,珠海,11365,
2013年大连房价10972元/㎡0.2%↓,2013,大连,10972,58946.0
2013年苏州房价10941元/㎡0.27%↑,2013,苏州,10941,
2013年南昌房价9208元/㎡0.46%↑,2013,南昌,9208,46892.0
2013年济南房价9158元/㎡0.58%↑,2013,济南,9158,55840.0
2013年武汉房价8825元/㎡1.34%↑,2013,武汉,8825,53684.0
2013年泉州房价8724元/㎡1.07%↑,2013,泉州,8724,
2013年兰州房价8716元/㎡5.24%↓,2013,兰州,8716,49424.0
2013年昆明房价8664元/㎡0.02%↓,2013,昆明,8664,51119.0
2013年石家庄房价8639元/㎡1.34%↑,2013,石家庄,8639,43712.0
2013年成都房价8597元/㎡0.28%↓,2013,成都,8597,56581.0
2013年烟台房价8394元/㎡0.45%↑,2013,烟台,8394,
2013年沈阳房价8270元/㎡0.53%↓,2013,沈阳,8270,52389.0
2013年郑州房价8229元/㎡0.91%↑,2013,郑州,8229,45066.0
2013年南通房价8218元/㎡2.49%↑,2013,南通,8218,
2013年太原房价8194元/㎡1.56%↓,2013,太原,8194,51161.0
2013年扬州房价8150元/㎡1.81%↓,2013,扬州,8150,
2013年秦皇岛房价7947元/㎡0.2%↑,2013,秦皇岛,7947,
2013年绍兴房价7917元/㎡0.43%↑,2013,绍兴,7917,
2013年泰州房价7838元/㎡0.36%↑,2013,泰州,7838,
2013年唐山房价7641元/㎡0.08%↓,2013,唐山,7641,
2013年东莞房价7611元/㎡1.28%↑,2013,东莞,7611,
2013年哈尔滨房价7503元/㎡0.23%↓,2013,哈尔滨,7503,47150.0
2013年昆山房价7467元/㎡0.35%↑,2013,昆山,7467,
2013年合肥房价7400元/㎡0.89%↑,2013,合肥,7400,54177.0
2013年无锡房价7312元/㎡0.53%↓,2013,无锡,7312,
2013年廊坊房价7267元/㎡3.03%↓,2013,廊坊,7267,
2013年长春房价7229元/㎡0.58%↑,2013,长春,7229,52220.0
2013年南宁房价7052元/㎡0.33%↑,2013,南宁,7052,49806.0
2013年海口房价6969元/㎡0.74%↑,2013,海口,6969,45058.0
2013年重庆房价6896元/㎡--,2013,重庆,6896,51015.0
2013年西安房价6792元/㎡1.24%↓,2013,西安,6792,54388.0
2013年宜昌房价6751元/㎡0.7%↑,2013,宜昌,6751,
2013年徐州房价6745元/㎡0.84%↓,2013,徐州,6745,
2013年呼和浩特房价6714元/㎡0.39%↓,2013,呼和浩特,6714,48797.0
2013年镇江房价6663元/㎡1.29%↑,2013,镇江,6663,
2013年长沙房价6519元/㎡0.79%↓,2013,长沙,6519,56215.0
2013年佛山房价6279元/㎡0.46%↑,2013,佛山,6279,
2014年北京房价37294元/㎡0.45%↑,2014,北京,37294,103400.0
2014年上海房价30522元/㎡0.1%↑,2014,上海,30522,100623.0
2014年深圳房价28117元/㎡0.02%↓,2014,深圳,28117,73492.0
2014年厦门房价24843元/㎡0.63%↓,2014,厦门,24843,63062.0
2014年三亚房价19474元/㎡2.11%↓,2014,三亚,19474,
2014年广州房价18564元/㎡2.67%↑,2014,广州,18564,74246.0
2014年南京房价18099元/㎡0.31%↑,2014,南京,18099,77286.0
2014年杭州房价16984元/㎡0.22%↑,2014,杭州,16984,70823.0
2014年天津房价14961元/㎡0.27%↑,2014,天津,14961,73839.0
2014年宁波房价14350元/㎡0.13%↑,2014,宁波,14350,70228.0
2014年福州房价13949元/㎡1.4%↑,2014,福州,13949,58838.0
2014年青岛房价12286元/㎡2.18%↑,2014,青岛,12286,62097.0
2014年珠海房价12231元/㎡1.62%↓,2014,珠海,12231,
2014年苏州房价10980元/㎡0.87%↑,2014,苏州,10980,
2014年大连房价10182元/㎡0.62%↓,2014,大连,10182,63609.0
2014年泉州房价9402元/㎡2.59%↓,2014,泉州,9402,
2014年济南房价9341元/㎡0.2%↑,2014,济南,9341,62323.0
2014年兰州房价9299元/㎡3.55%↑,2014,兰州,9299,54008.0
2014年武汉房价9239元/㎡0.13%↑,2014,武汉,9239,60624.0
2014年南昌房价9186元/㎡0.54%↓,2014,南昌,9186,51848.0
2014年石家庄房价8800元/㎡0.38%↑,2014,石家庄,8800,48272.0
2014年郑州房价8503元/㎡0.14%↓,2014,郑州,8503,49756.0
2014年太原房价8365元/㎡0.19%↑,2014,太原,8365,57771.0
2014年哈尔滨房价8289元/㎡9.13%↓,2014,哈尔滨,8289,51554.0
2014年成都房价8277元/㎡0.13%↓,2014,成都,8277,63201.0
2014年昆明房价8094元/㎡0.43%↓,2014,昆明,8094,58153.0
2014年沈阳房价7991元/㎡0.5%↓,2014,沈阳,7991,56590.0
2014年东莞房价7926元/㎡0.8%↑,2014,东莞,7926,
2014年合肥房价7825元/㎡0.01%↓,2014,合肥,7825,59648.0
2014年廊坊房价7418元/㎡0.97%↑,2014,廊坊,7418,
2014年海口房价7416元/㎡0.88%↓,2014,海口,7416,50653.0
2014年烟台房价7404元/㎡4.37%↓,2014,烟台,7404,
2014年常州房价7324元/㎡8.01%↑,2014,常州,7324,
2014年昆山房价7128元/㎡1.01%↓,2014,昆山,7128,
2014年长春房价6997元/㎡1.12%↓,2014,长春,6997,56977.0
2014年西安房价6994元/㎡0.31%↓,2014,西安,6994,54098.0
2014年无锡房价6979元/㎡0.57%↓,2014,无锡,6979,
2014年唐山房价6972元/㎡6.1%↑,2014,唐山,6972,
2014年柳州房价6796元/㎡2.31%↓,2014,柳州,6796,
2014年重庆房价6718元/㎡0.22%↓,2014,重庆,6718,56852.0
2014年中山房价6447元/㎡4.81%↑,2014,中山,6447,
2014年长沙房价6401元/㎡0.42%↑,2014,长沙,6401,61847.0
2014年徐州房价6367元/㎡5.77%↓,2014,徐州,6367,
2014年南宁房价6341元/㎡2.54%↓,2014,南宁,6341,54330.0
2014年淄博房价6230元/㎡0.5%↓,2014,淄博,6230,
2014年佛山房价6075元/㎡1.17%↓,2014,佛山,6075,
2014年洛阳房价6069元/㎡2.52%↑,2014,洛阳,6069,
2014年威海房价6028元/㎡1.55%↑,2014,威海,6028,
2014年惠州房价5585元/㎡3.71%↑,2014,惠州,5585,
2014年贵阳房价5496元/㎡0.15%↑,2014,贵阳,5496,59330.0
2015年深圳房价41494元/㎡5%↑,2015,深圳,41494,81034.0
2015年北京房价39437元/㎡--,2015,北京,39437,113073.0
2015年上海房价35237元/㎡3%↑,2015,上海,35237,109279.0
2015年厦门房价25970元/㎡--,2015,厦门,25970,66930.0
2015年广州房价20016元/㎡--,2015,广州,20016,81171.0
2015年南京房价18697元/㎡1%↑,2015,南京,18697,81075.0
2015年温州房价16873元/㎡1%↑,2015,温州,16873,
2015年杭州房价16080元/㎡1%↓,2015,杭州,16080,77816.0
2015年天津房价15553元/㎡--,2015,天津,15553,81486.0
2015年珠海房价14980元/㎡3%↑,2015,珠海,14980,
2015年福州房价14577元/㎡1%↑,2015,福州,14577,62478.0
2015年三亚房价14390元/㎡1%↓,2015,三亚,14390,
2015年青岛房价12384元/㎡--,2015,青岛,12384,69465.0
2015年苏州房价12251元/㎡3%↑,2015,苏州,12251,
2015年宁波房价12250元/㎡--,2015,宁波,12250,74989.0
2015年武汉房价10000元/㎡--,2015,武汉,10000,65720.0
2015年莆田房价10000元/㎡1%↓,2015,莆田,10000,
2015年金华房价9914元/㎡11%↑,2015,金华,9914,
2015年大连房价9816元/㎡--,2015,大连,9816,69390.0
2015年济南房价9281元/㎡3%↓,2015,济南,9281,68997.0
2015年南昌房价9212元/㎡--,2015,南昌,9212,57730.0
2015年哈尔滨房价9131元/㎡1%↑,2015,哈尔滨,9131,58405.0
2015年绍兴房价9107元/㎡1%↑,2015,绍兴,9107,
2015年石家庄房价8986元/㎡--,2015,石家庄,8986,54441.0
2015年郑州房价8790元/㎡1%↓,2015,郑州,8790,52987.0
2015年漳州房价8508元/㎡--,2015,漳州,8508,
2015年兰州房价8465元/㎡1%↓,2015,兰州,8465,62201.0
2015年合肥房价8461元/㎡1%↑,2015,合肥,8461,65806.0
2015年扬州房价8406元/㎡12%↓,2015,扬州,8406,
2015年龙岩房价8382元/㎡18%↑,2015,龙岩,8382,
2015年东莞房价8371元/㎡--,2015,东莞,8371,
2015年南通房价8308元/㎡4%↓,2015,南通,8308,
2015年湖州房价8243元/㎡--,2015,湖州,8243,
2015年河源房价8223元/㎡14%↑,2015,河源,8223,
2015年成都房价8213元/㎡--,2015,成都,8213,69123.0
2015年昆明房价8202元/㎡2%↑,2015,昆明,8202,62033.0
2015年太原房价8118元/㎡--,2015,太原,8118,60516.0
2015年泉州房价7845元/㎡1%↓,2015,泉州,7845,
2015年衢州房价7571元/㎡4%↑,2015,衢州,7571,
2015年台州房价7540元/㎡1%↑,2015,台州,7540,
2015年烟台房价7495元/㎡2%↑,2015,烟台,7495,
2015年昆山房价7488元/㎡--,2015,昆山,7488,
2015年三明房价7483元/㎡6%↓,2015,三明,7483,
2015年汕头房价7479元/㎡--,2015,汕头,7479,
2015年镇江房价7304元/㎡6%↑,2015,镇江,7304,
2015年沈阳房价7242元/㎡1%↑,2015,沈阳,7242,61827.0
2015年海口房价7201元/㎡1%↓,2015,海口,7201,57455.0
2015年玉溪房价7142元/㎡--,2015,玉溪,7142,
2015年保定房价7117元/㎡1%↑,2015,保定,7117,
2015年廊坊房价7043元/㎡2%↑,2015,廊坊,7043,
2016年北京房价57597元/㎡2.74%↑,2016,北京,57597,122749.0
2016年上海房价52142元/㎡1.66%↑,2016,上海,52142,120503.0
2016年深圳房价43289元/㎡3.76%↓,2016,深圳,43289,89757.0
2016年厦门房价38883元/㎡1.69%↑,2016,厦门,38883,69218.0
2016年南京房价24867元/㎡0.62%↑,2016,南京,24867,90191.0
2016年天津房价23220元/㎡1.3%↑,2016,天津,23220,87806.0
2016年广州房价22926元/㎡1.49%↑,2016,广州,22926,89096.0
2016年杭州房价21655元/㎡2.21%↑,2016,杭州,21655,87153.0
2016年福州房价19822元/㎡4.61%↑,2016,福州,19822,67630.0
2016年珠海房价19070元/㎡1.06%↑,2016,珠海,19070,
2016年温州房价17984元/㎡0.87%↓,2016,温州,17984,
2016年苏州房价16181元/㎡0.18%↑,2016,苏州,16181,
2016年廊坊房价16175元/㎡1.58%↑,2016,廊坊,16175,
2016年合肥房价14983元/㎡2.03%↑,2016,合肥,14983,71054.0
2016年石家庄房价14878元/㎡8.24%↑,2016,石家庄,14878,61189.0
2016年三亚房价14777元/㎡2.32%↑,2016,三亚,14777,
2016年丽水房价14187元/㎡--,2016,丽水,14187,
2016年武汉房价13875元/㎡2.97%↑,2016,武汉,13875,71963.0
2016年宁波房价13857元/㎡2.58%↑,2016,宁波,13857,83656.0
2016年青岛房价13523元/㎡1.07%↑,2016,青岛,13523,76616.0
2016年郑州房价12091元/㎡2.73%↑,2016,郑州,12091,61149.0
2016年济南房价11667元/㎡4.04%↑,2016,济南,11667,77012.0
2016年东莞房价11651元/㎡5.06%↑,2016,东莞,11651,
2016年舟山房价10769元/㎡--,2016,舟山,10769,
2016年昆山房价10706元/㎡1.75%↓,2016,昆山,10706,
2016年金华房价10392元/㎡0.79%↓,2016,金华,10392,
2016年保定房价10151元/㎡4.62%↑,2016,保定,10151,
2016年台州房价10106元/㎡0.4%↓,2016,台州,10106,
2016年南昌房价9987元/㎡5.31%↑,2016,南昌,9987,65812.0
2016年莆田房价9912元/㎡1.5%↑,2016,莆田,9912,
2016年大连房价9854元/㎡1.56%↓,2016,大连,9854,73764.0
2016年漳州房价9661元/㎡1.68%↑,2016,漳州,9661,
2016年绍兴房价9097元/㎡0.11%↓,2016,绍兴,9097,
2016年兰州房价9014元/㎡0.89%↑,2016,兰州,9014,67011.0
2016年嘉兴房价8895元/㎡1.47%↑,2016,嘉兴,8895,
2016年张家口房价8843元/㎡1.6%↑,2016,张家口,8843,
2016年南通房价8716元/㎡0.36%↓,2016,南通,8716,
2016年龙岩房价8645元/㎡0.16%↑,2016,龙岩,8645,
2016年扬州房价8597元/㎡0.07%↓,2016,扬州,8597,
2016年成都房价8591元/㎡0.79%↑,2016,成都,8591,74408.0
2016年昆明房价8485元/㎡0.48%↑,2016,昆明,8485,68375.0
2016年泉州房价8417元/㎡0.56%↑,2016,泉州,8417,
2016年湖州房价8329元/㎡0.48%↑,2016,湖州,8329,
2016年太原房价8308元/㎡1.7%↑,2016,太原,8308,64820.0
2016年无锡房价8300元/㎡1.04%↑,2016,无锡,8300,
2016年常州房价8202元/㎡6.29%↑,2016,常州,8202,
2016年惠州房价8184元/㎡0.95%↑,2016,惠州,8184,
2016年中山房价8148元/㎡5.25%↑,2016,中山,8148,
2016年烟台房价8109元/㎡1.45%↑,2016,烟台,8109,
2016年衢州房价8039元/㎡0.5%↑,2016,衢州,8039,
2017年北京房价57768元/㎡0.01%↑,2017,北京,57768,134994.0
2017年深圳房价51477元/㎡0.39%↑,2017,深圳,51477,100173.0
2017年上海房价50017元/㎡--,2017,上海,50017,130765.0
2017年厦门房价47177元/㎡0.03%↓,2017,厦门,47177,75452.0
2017年广州房价28578元/㎡2.03%↑,2017,广州,28578,98612.0
2017年杭州房价28540元/㎡0.08%↓,2017,杭州,28540,96670.0
2017年福州房价26771元/㎡--,2017,福州,26771,75133.0
2017年三亚房价26235元/㎡0.09%↑,2017,三亚,26235,
2017年南京房价25733元/㎡0.01%↑,2017,南京,25733,101502.0
2017年天津房价22205元/㎡0.03%↓,2017,天津,22205,96965.0
2017年珠海房价19531元/㎡0.02%↑,2017,珠海,19531,
2017年义乌房价18386元/㎡0.02%↓,2017,义乌,18386,
2017年青岛房价18142元/㎡0.04%↑,2017,青岛,18142,83539.0
2017年温州房价17992元/㎡--,2017,温州,17992,
2017年宁波房价17037元/㎡0.01%↑,2017,宁波,17037,91705.0
2017年石家庄房价16979元/㎡0.03%↓,2017,石家庄,16979,67880.0
2017年武汉房价16259元/㎡0.01%↑,2017,武汉,16259,79684.0
2017年济南房价15842元/㎡0.01%↑,2017,济南,15842,84645.0
2017年廊坊房价15564元/㎡0.06%↓,2017,廊坊,15564,
2017年苏州房价15320元/㎡0.01%↓,2017,苏州,15320,
2017年金华房价14504元/㎡0.06%↑,2017,金华,14504,
2017年合肥房价14362元/㎡0.01%↓,2017,合肥,14362,77484.0
2017年东莞房价13913元/㎡0.01%↑,2017,东莞,13913,
2017年漳州房价13670元/㎡0.01%↓,2017,漳州,13670,
2017年莆田房价13656元/㎡0.03%↑,2017,莆田,13656,
2017年舟山房价13359元/㎡0.05%↓,2017,舟山,13359,
2017年保定房价12983元/㎡0.06%↓,2017,保定,12983,
2017年郑州房价12859元/㎡0.01%↓,2017,郑州,12859,70486.0
2017年台州房价12149元/㎡0.01%↑,2017,台州,12149,
2017年常州房价12069元/㎡0.01%↑,2017,常州,12069,
2017年成都房价12034元/㎡0.06%↑,2017,成都,12034,79292.0
2017年海口房价11977元/㎡0.02%↑,2017,海口,11977,68037.0
2017年绍兴房价11902元/㎡0.05%↑,2017,绍兴,11902,
2017年章丘房价11891元/㎡0.04%↑,2017,章丘,11891,
2017年昆山房价11562元/㎡0.01%↑,2017,昆山,11562,
2017年南昌房价11396元/㎡--,2017,南昌,11396,72686.0
2017年中山房价11266元/㎡0.04%↑,2017,中山,11266,
2017年衢州房价11257元/㎡0.02%↑,2017,衢州,11257,
2017年湖州房价10981元/㎡0.02%↑,2017,湖州,10981,
2017年顺德房价10909元/㎡--,2017,顺德,10909,
2017年扬州房价10861元/㎡0.05%↑,2017,扬州,10861,
2017年南通房价10717元/㎡0.03%↑,2017,南通,10717,
2017年泉州房价10651元/㎡0.01%↑,2017,泉州,10651,
2017年龙岩房价10566元/㎡0.01%↑,2017,龙岩,10566,
2017年大连房价10495元/㎡0.01%↑,2017,大连,10495,81884.0
2017年嘉兴房价10481元/㎡0.01%↑,2017,嘉兴,10481,
2017年张家口房价10456元/㎡0.08%↓,2017,张家口,10456,
2017年佛山房价10229元/㎡0.01%↑,2017,佛山,10229,
2017年惠州房价10227元/㎡0.03%↑,2017,惠州,10227,
2017年沧州房价10144元/㎡0.19%↓,2017,沧州,10144,
2018年北京房价59868元/㎡0.45%↑,2018,北京,59868,149843.0
2018年深圳房价53205元/㎡0.95%↓,2018,深圳,53205,111709.0
2018年上海房价49446元/㎡1.48%↓,2018,上海,49446,142983.0
2018年厦门房价43565元/㎡0.22%↓,2018,厦门,43565,85166.0
2018年广州房价32088元/㎡0.42%↓,2018,广州,32088,111839.0
2018年三亚房价31704元/㎡2.92%↓,2018,三亚,31704,
2018年杭州房价28651元/㎡0.64%↓,2018,杭州,28651,106709.0
2018年南京房价27568元/㎡0.85%↑,2018,南京,27568,111071.0
2018年福州房价24698元/㎡1.09%↓,2018,福州,24698,83175.0
2018年天津房价22188元/㎡1.78%↓,2018,天津,22188,103931.0
2018年珠海房价20778元/㎡0.15%↓,2018,珠海,20778,
2018年宁波房价20313元/㎡0.64%↓,2018,宁波,20313,102325.0
2018年义乌房价20175元/㎡2.01%↓,2018,义乌,20175,
2018年温州房价19462元/㎡0.01%↑,2018,温州,19462,
2018年青岛房价18788元/㎡4.3%↓,2018,青岛,18788,90840.0
2018年济南房价17674元/㎡1.26%↓,2018,济南,17674,91651.0
2018年武汉房价17586元/㎡1.61%↓,2018,武汉,17586,88327.0
2018年苏州房价16943元/㎡1.33%↑,2018,苏州,16943,
2018年金华房价16595元/㎡2.75%↓,2018,金华,16595,
2018年舟山房价16406元/㎡3.02%↑,2018,舟山,16406,
2018年石家庄房价15596元/㎡1.62%↓,2018,石家庄,15596,75114.0
2018年海口房价15024元/㎡2.08%↓,2018,海口,15024,77632.0
2018年东莞房价14813元/㎡0.95%↓,2018,东莞,14813,
2018年合肥房价14217元/㎡0.74%↓,2018,合肥,14217,89022.0
2018年廊坊房价13981元/㎡1.62%↓,2018,廊坊,13981,
2018年绍兴房价13917元/㎡0.46%↓,2018,绍兴,13917,
2018年昆山房价13764元/㎡1.21%↑,2018,昆山,13764,
2018年莆田房价13594元/㎡3.59%↓,2018,莆田,13594,
2018年郑州房价13582元/㎡0.95%↓,2018,郑州,13582,80963.0
2018年台州房价13446元/㎡0.28%↓,2018,台州,13446,
2018年常州房价13426元/㎡1.94%↓,2018,常州,13426,
2018年衢州房价13189元/㎡1.89%↓,2018,衢州,13189,
2018年成都房价13173元/㎡2.96%↓,2018,成都,13173,88011.0
2018年扬州房价12480元/㎡0.49%↓,2018,扬州,12480,
2018年漳州房价12371元/㎡1.57%↓,2018,漳州,12371,
2018年昆明房价12298元/㎡0.31%↓,2018,昆明,12298,80253.0
2018年南昌房价12248元/㎡0.21%↓,2018,南昌,12248,82672.0
2018年西安房价12207元/㎡0.27%↓,2018,西安,12207,87125.0
2018年重庆房价12080元/㎡1.74%↓,2018,重庆,12080,81764.0
2018年太原房价11979元/㎡0.56%↓,2018,太原,11979,80825.0
2018年大连房价11893元/㎡1.17%↑,2018,大连,11893,87592.0
2018年大理房价11788元/㎡1.26%↓,2018,大理,11788,
2018年南通房价11772元/㎡0.3%↓,2018,南通,11772,
2018年中山房价11747元/㎡2.25%↓,2018,中山,11747,
2018年兰州房价11636元/㎡1.02%↑,2018,兰州,11636,85575.0
2018年保定房价11365元/㎡1.83%↓,2018,保定,11365,
2018年西双版纳房价11282元/㎡0.78%↓,2018,西双版纳,11282,
2018年泉州房价11219元/㎡0.23%↑,2018,泉州,11219,
2018年拉萨房价11141元/㎡0.25%↓,2018,拉萨,11141,126936.0
2018年无锡房价11030元/㎡1.15%↑,2018,无锡,11030,
2019年北京房价58568元/㎡0.05%↑,2019,北京,58568,173205.0
2019年深圳房价54790元/㎡0.15%↑,2019,深圳,54790,127757.0
2019年上海房价50945元/㎡0.07%↓,2019,上海,50945,151772.0
2019年厦门房价46003元/㎡0.66%↓,2019,厦门,46003,97779.0
2019年广州房价31692元/㎡1.6%↑,2019,广州,31692,123498.0
2019年南京房价28526元/㎡0.98%↓,2019,南京,28526,129605.0
2019年三亚房价28478元/㎡0.75%↓,2019,三亚,28478,
2019年杭州房价27002元/㎡0.56%↓,2019,杭州,27002,120308.0
2019年福州房价24281元/㎡0.82%↓,2019,福州,24281,88952.0
2019年宁波房价22814元/㎡1.61%↑,2019,宁波,22814,110878.0
2019年珠海房价21134元/㎡0.14%↑,2019,珠海,21134,
2019年温州房价20970元/㎡2.29%↑,2019,温州,20970,
2019年天津房价20952元/㎡0.5%↓,2019,天津,20952,111602.0
2019年义乌房价20554元/㎡1.13%↑,2019,义乌,20554,
2019年苏州房价19568元/㎡0.64%↑,2019,苏州,19568,
2019年瑞安房价17275元/㎡0.29%↑,2019,瑞安,17275,
2019年舟山房价17064元/㎡3.71%↑,2019,舟山,17064,
2019年武汉房价16818元/㎡1.17%↓,2019,武汉,16818,98043.0
2019年青岛房价16340元/㎡1.09%↓,2019,青岛,16340,103125.0
2019年东莞房价16105元/㎡1.16%↑,2019,东莞,16105,
2019年绍兴房价16063元/㎡1.91%↑,2019,绍兴,16063,
2019年济南房价16048元/㎡1.45%↓,2019,济南,16048,100593.0
2019年金华房价16037元/㎡0.98%↓,2019,金华,16037,
2019年昆山房价15906元/㎡1.13%↑,2019,昆山,15906,
2019年石家庄房价15203元/㎡1.11%↓,2019,石家庄,15203,79581.0
2019年海口房价15002元/㎡0.03%↓,2019,海口,15002,85121.0
2019年台州房价14855元/㎡0.62%↓,2019,台州,14855,
2019年衢州房价14396元/㎡1.45%↑,2019,衢州,14396,
2019年合肥房价14226元/㎡0.38%↓,2019,合肥,14226,95156.0
2019年常州房价14122元/㎡0.57%↑,2019,常州,14122,
2019年廊坊房价13863元/㎡1.22%↓,2019,廊坊,13863,
2019年大连房价13796元/㎡1.17%↑,2019,大连,13796,95442.0
2019年南通房价13720元/㎡1.52%↑,2019,南通,13720,
2019年正定房价13676元/㎡0.01%↑,2019,正定,13676,
2019年郑州房价13266元/㎡0.86%↓,2019,郑州,13266,88030.0
2019年成都房价13132元/㎡0.76%↑,2019,成都,13132,97519.0
2019年昆明房价13117元/㎡1.04%↑,2019,昆明,13117,94063.0
2019年扬州房价13081元/㎡0.06%↑,2019,扬州,13081,
2019年大理房价13022元/㎡0.86%↓,2019,大理,13022,
2019年漳州房价12935元/㎡0.76%↓,2019,漳州,12935,
2019年无锡房价12800元/㎡0.74%↑,2019,无锡,12800,
2019年佛山房价12652元/㎡1.13%↑,2019,佛山,12652,
2019年西安房价12446元/㎡0.03%↑,2019,西安,12446,96867.0
2019年兰州房价12432元/㎡0.31%↑,2019,兰州,12432,88393.0
2019年南昌房价12185元/㎡0.63%↓,2019,南昌,12185,88470.0
2019年莆田房价12147元/㎡0.93%↓,2019,莆田,12147,
2019年拉萨房价11931元/㎡0.67%↓,2019,拉萨,11931,127057.0
2019年乐清房价11923元/㎡0.03%↓,2019,乐清,11923,
2019年嘉兴房价11905元/㎡0.29%↓,2019,嘉兴,11905,
2019年龙岩房价11783元/㎡0.94%↑,2019,龙岩,11783,
2020年北京房价57561元/㎡--,2020,北京,57561,
2020年深圳房价56795元/㎡0.35%↑,2020,深圳,56795,
2020年上海房价52530元/㎡0.25%↑,2020,上海,52530,
2020年厦门房价49924元/㎡1.71%↑,2020,厦门,49924,
2020年广州房价33364元/㎡0.54%↓,2020,广州,33364,
2020年三亚房价28645元/㎡1.28%↑,2020,三亚,28645,
2020年南京房价28640元/㎡0.48%↓,2020,南京,28640,
2020年杭州房价27851元/㎡0.69%↑,2020,杭州,27851,
2020年宁波房价26075元/㎡1.24%↑,2020,宁波,26075,
2020年福州房价23505元/㎡0.33%↓,2020,福州,23505,
2020年义乌房价21897元/㎡0.69%↑,2020,义乌,21897,
2020年温州房价21758元/㎡0.88%↑,2020,温州,21758,
2020年苏州房价21687元/㎡0.02%↑,2020,苏州,21687,
2020年珠海房价21037元/㎡0.35%↓,2020,珠海,21037,
2020年天津房价19729元/㎡0.36%↓,2020,天津,19729,
2020年东莞房价18296元/㎡2.94%↑,2020,东莞,18296,
2020年瑞安房价17772元/㎡1.13%↑,2020,瑞安,17772,
2020年金华房价17249元/㎡2.06%↑,2020,金华,17249,
2020年昆山房价16965元/㎡0.64%↑,2020,昆山,16965,
2020年武汉房价16772元/㎡0.07%↑,2020,武汉,16772,
2020年绍兴房价16757元/㎡1%↓,2020,绍兴,16757,
2020年青岛房价16619元/㎡0.7%↑,2020,青岛,16619,
2020年南通房价15964元/㎡1.01%↑,2020,南通,15964,
2020年舟山房价15845元/㎡0.66%↓,2020,舟山,15845,
2020年台州房价15649元/㎡0.3%↓,2020,台州,15649,
2020年衢州房价15629元/㎡0.64%↓,2020,衢州,15629,
2020年海口房价15312元/㎡0.39%↑,2020,海口,15312,
2020年济南房价15295元/㎡0.07%↑,2020,济南,15295,
2020年大连房价15128元/㎡1%↑,2020,大连,15128,
2020年常州房价15003元/㎡1.04%↑,2020,常州,15003,
2020年石家庄房价14934元/㎡0.03%↓,2020,石家庄,14934,
2020年合肥房价14594元/㎡1.33%↑,2020,合肥,14594,
2020年无锡房价14101元/㎡1.37%↑,2020,无锡,14101,
2020年成都房价13883元/㎡1.18%↑,2020,成都,13883,
2020年正定房价13676元/㎡--,2020,正定,13676,
2020年扬州房价13586元/㎡0.1%↑,2020,扬州,13586,
2020年郑州房价13509元/㎡1.65%↑,2020,郑州,13509,
2020年昆明房价13494元/㎡0.07%↑,2020,昆明,13494,
2020年佛山房价13173元/㎡2.18%↑,2020,佛山,13173,
2020年漳州房价12931元/㎡0.17%↓,2020,漳州,12931,
2020年兰州房价12888元/㎡0.38%↑,2020,兰州,12888,
2020年廊坊房价12879元/㎡2%↓,2020,廊坊,12879,
2020年龙岩房价12761元/㎡0.06%↓,2020,龙岩,12761,
2020年西安房价12748元/㎡0.6%↑,2020,西安,12748,
2020年大理房价12695元/㎡0.11%↓,2020,大理,12695,
2020年宁德房价12586元/㎡0.07%↑,2020,宁德,12586,
2020年泉州房价12514元/㎡1.24%↑,2020,泉州,12514,
2020年莆田房价12510元/㎡0.31%↑,2020,莆田,12510,
2020年拉萨房价12492元/㎡0.33%↑,2020,拉萨,12492,
2020年嘉兴房价12289元/㎡0.03%↑,2020,嘉兴,12289,
2021年北京房价57633元/㎡0.13%↑,2021,北京,57633,
2021年深圳房价57291元/㎡0.87%↑,2021,深圳,57291,
2021年上海房价52991元/㎡0.88%↑,2021,上海,52991,
2021年厦门房价49964元/㎡0.08%↑,2021,厦门,49964,
2021年广州房价33338元/㎡0.08%↓,2021,广州,33338,
2021年三亚房价28689元/㎡0.16%↑,2021,三亚,28689,
2021年南京房价28648元/㎡0.03%↑,2021,南京,28648,
2021年杭州房价28544元/㎡2.49%↑,2021,杭州,28544,
2021年宁波房价26095元/㎡0.08%↑,2021,宁波,26095,
2021年福州房价23503元/㎡0.01%↓,2021,福州,23503,
2021年义乌房价22429元/㎡2.43%↑,2021,义乌,22429,
2021年温州房价21757元/㎡--,2021,温州,21757,
2021年苏州房价21712元/㎡0.12%↑,2021,苏州,21712,
2021年珠海房价21061元/㎡0.12%↑,2021,珠海,21061,
2021年天津房价19728元/㎡--,2021,天津,19728,
2021年东莞房价18368元/㎡0.4%↑,2021,东莞,18368,
2021年瑞安房价17786元/㎡0.08%↑,2021,瑞安,17786,
2021年金华房价17297元/㎡0.28%↑,2021,金华,17297,
2021年昆山房价16986元/㎡0.13%↑,2021,昆山,16986,
2021年绍兴房价16795元/㎡0.23%↑,2021,绍兴,16795,
2021年武汉房价16774元/㎡0.02%↑,2021,武汉,16774,
2021年青岛房价16596元/㎡0.13%↓,2021,青岛,16596,
2021年南通房价15978元/㎡0.09%↑,2021,南通,15978,
2021年舟山房价15827元/㎡0.11%↓,2021,舟山,15827,
2021年台州房价15662元/㎡0.09%↑,2021,台州,15662,
2021年衢州房价15599元/㎡0.19%↓,2021,衢州,15599,
2021年海口房价15309元/㎡0.02%↓,2021,海口,15309,
2021年济南房价15291元/㎡0.02%↓,2021,济南,15291,
2021年大连房价15164元/㎡0.24%↑,2021,大连,15164,
2021年常州房价15017元/㎡0.09%↑,2021,常州,15017,
2021年石家庄房价14934元/㎡--,2021,石家庄,14934,
2021年合肥房价14612元/㎡0.13%↑,2021,合肥,14612,
2021年无锡房价14126元/㎡0.18%↑,2021,无锡,14126,
2021年成都房价13887元/㎡0.03%↑,2021,成都,13887,
2021年正定房价13676元/㎡--,2021,正定,13676,
2021年扬州房价13593元/㎡0.05%↑,2021,扬州,13593,
2021年郑州房价13533元/㎡0.18%↑,2021,郑州,13533,
2021年昆明房价13492元/㎡0.01%↓,2021,昆明,13492,
2021年佛山房价13216元/㎡0.33%↑,2021,佛山,13216,
2021年漳州房价12918元/㎡0.1%↓,2021,漳州,12918,
2021年兰州房价12898元/㎡0.08%↑,2021,兰州,12898,
2021年廊坊房价12859元/㎡0.15%↓,2021,廊坊,12859,
2021年西安房价12759元/㎡0.09%↑,2021,西安,12759,
2021年龙岩房价12752元/㎡0.07%↓,2021,龙岩,12752,
2021年大理房价12712元/㎡0.14%↑,2021,大理,12712,
2021年宁德房价12628元/㎡0.34%↑,2021,宁德,12628,
2021年泉州房价12527元/㎡0.11%↑,2021,泉州,12527,
2021年莆田房价12513元/㎡0.03%↑,2021,莆田,12513,
2021年拉萨房价12492元/㎡0.01%↑,2021,拉萨,12492,
2021年嘉兴房价12277元/㎡0.09%↓,2021,嘉兴,12277,
